{
  "data":{
    "dataCnt": 1000,
    "consultdoctor": [
      {
        "personImage": "image/person.png",
        "name": "王自强",
        "size": "主任",
        "sex": "男",
        "callname": "主管",
        "adress": "北京市海定区东升科技园",
        "keshi":"放射科",
        "like": "放射医疗"
      },
      {
        "personImage": "image/person.png",
        "name": "王自强",
        "size": "主任",
        "sex": "男",
        "callname": "主管",
        "adress": "北京市海定区东升科技园",
        "keshi":"放射科",
        "like": "放射医疗"
      },
      {
        "personImage": "image/person.png",
        "name": "王自强",
        "size": "主任",
        "sex": "男",
        "callname": "主管",
        "adress": "北京市海定区东升科技园",
        "keshi":"放射科",
        "like": "放射医疗"
      },
      {
        "personImage": "image/person.png",
        "name": "王自强",
        "size": "主任",
        "sex": "男",
        "callname": "主管",
        "adress": "北京市海定区东升科技园",
        "keshi": "放射科",
        "like": "放射医疗"
      }
    ]
  }
}

