{
  "data":{
    "dataCnt": 1000,
    "consultmain": [
      {
        "image": "image/image.png",
        "doctor": "测试",
        "classify": "测试",
        "patientID": "测试",
        "name": "测试",
        "sex": "测试",
        "age": "测试",
        "uploadtime": "测试",
        "launchtime": "测试",
        "expert": "已发起"
      },
      {
        "image": "image/image.png",
        "doctor": "测试",
        "classify": "测试",
        "patientID": "测试",
        "name": "测试",
        "sex": "测试",
        "age": "测试",
        "uploadtime": "测试",
        "launchtime": "测试",
        "expert": "阅片中"
      },
      {
        "image": "image/image.png",
        "doctor": "测试",
        "classify": "测试",
        "patientID": "测试",
        "name": "测试",
        "sex": "测试",
        "age": "测试",
        "uploadtime": "测试",
        "launchtime": "测试",
        "expert": "已拒绝"
      },
      {
        "image": "image/image.png",
        "doctor": "测试",
        "classify": "测试",
        "patientID": "测试",
        "name": "测试",
        "sex": "测试",
        "age": "测试",
        "uploadtime": "测试",
        "launchtime": "测试",
        "expert": "已完成"
      }
    ]
  }
}

