{
   "data": {
     "dataCnt": 1001,
     "chooseimgTab": [
       {
         "age": 35,
         "classify": "CT",
         "expeconsult": 0,
         "hospital": "北大青鸟医院",
         "image": "image/image.png",
         "launchtime": "2016-06-04 18:30:25",
         "name": "王自强",
         "norconsult": 2,
         "patientID": "M-201606091599",
         "screentime": "2016-05-13 09:30:25",
         "sex": "男"
       },
       {
         "age": 35,
         "classify": "CT",
         "expeconsult": 1,
         "hospital": "北大青鸟医院",
         "image": "image/image.png",
         "launchtime": "2016-06-04 18:30:25",
         "name": "王自强",
         "norconsult": 2,
         "patientID": "M-201606091599",
         "screentime": "2016-05-13 09:30:25",
         "sex": "男"
       },
       {
         "age": 35,
         "classify": "CT",
         "expeconsult": 0,
         "hospital": "北大青鸟医院",
         "image": "image/image.png",
         "launchtime": "2016-06-04 18:30:25",
         "name": "王自强",
         "norconsult": 1,
         "patientID": "M-201606091599",
         "screentime": "2016-05-13 09:30:25",
         "sex": "男"
       }
     ]
   }
 }
