{
  "status": "0",
  "message": null,
  "data": {
    "dataCnt": 1000,
    "responseData": [
      {
        "picture": "image/head.jpg",
        "name": "马大庆",
        "sex": "男",
        "age": "70",
        "hospital": "首都医科大学附属北京友谊医院",
        "department": "放射科",
        "position": "主任医师",
        "goodField": "呼吸系统疾病影像诊断，涉及胸部影像、胸部肿瘤、呼吸系统肿瘤疾病影像诊断及全身CT、MRI等领域。",
        "experience": "全国著名放射影像学专家，主任医师、教授、博士生导师、前中国放射学会北京放射学会主任委员，多家国家核心影像杂志的编辑，精于全身影像诊断。主要临床学术研究涉及胸部影像、全身CT、MRI等领域。1979年后在首都医科大学附属北京友谊医院放射科，曾任科主任。70年代至今从事医学影像学诊断。擅长呼吸系统疾病的影像诊断。包括肺结核、肺炎、胸部肿瘤、肺间质疾病等的X线、CT、MRI诊断，胸部疑难及少见疾病的医学影像诊断，研究方向:呼吸系统疾病的影像诊断，重点研究支气管肺癌的影像诊断，肺弥漫性间质疾病及肺泡疾病的影像诊断。  发表论文100余篇。主编和参编专著10余部。多次获北京市及卫生局科技成果奖。享受政府特殊津贴。",
        "loadtime": "2016-06-20  18:00"
      },
      {
        "picture": "image/head.jpg",
        "name": "马大庆",
        "sex": "男",
        "age": "70",
        "hospital": "首都医科大学附属北京友谊医院",
        "department": "放射科",
        "position": "主任医师",
        "goodField": "呼吸系统疾病影像诊断，涉及胸部影像、胸部肿瘤、呼吸系统肿瘤疾病影像诊断及全身CT、MRI等领域。",
        "experience": "全国著名放射影像学专家，主任医师、教授、博士生导师、前中国放射学会北京放射学会主任委员，多家国家核心影像杂志的编辑，精于全身影像诊断。主要临床学术研究涉及胸部影像、全身CT、MRI等领域。1979年后在首都医科大学附属北京友谊医院放射科，曾任科主任。70年代至今从事医学影像学诊断。擅长呼吸系统疾病的影像诊断。包括肺结核、肺炎、胸部肿瘤、肺间质疾病等的X线、CT、MRI诊断，胸部疑难及少见疾病的医学影像诊断，研究方向:呼吸系统疾病的影像诊断，重点研究支气管肺癌的影像诊断，肺弥漫性间质疾病及肺泡疾病的影像诊断。  发表论文100余篇。主编和参编专著10余部。多次获北京市及卫生局科技成果奖。享受政府特殊津贴。",
        "loadtime": "2016-06-20  18:00"
      },
      {
        "picture": "image/head.jpg",
        "name": "马大庆",
        "sex": "男",
        "age": "70",
        "hospital": "首都医科大学附属北京友谊医院",
        "department": "放射科",
        "position": "主任医师",
        "goodField": "呼吸系统疾病影像诊断，涉及胸部影像、胸部肿瘤、呼吸系统肿瘤疾病影像诊断及全身CT、MRI等领域。",
        "experience": "全国著名放射影像学专家，主任医师、教授、博士生导师、前中国放射学会北京放射学会主任委员，多家国家核心影像杂志的编辑，精于全身影像诊断。主要临床学术研究涉及胸部影像、全身CT、MRI等领域。1979年后在首都医科大学附属北京友谊医院放射科，曾任科主任。70年代至今从事医学影像学诊断。擅长呼吸系统疾病的影像诊断。包括肺结核、肺炎、胸部肿瘤、肺间质疾病等的X线、CT、MRI诊断，胸部疑难及少见疾病的医学影像诊断，研究方向:呼吸系统疾病的影像诊断，重点研究支气管肺癌的影像诊断，肺弥漫性间质疾病及肺泡疾病的影像诊断。  发表论文100余篇。主编和参编专著10余部。多次获北京市及卫生局科技成果奖。享受政府特殊津贴。",
        "loadtime": "2016-06-20  18:00"
      },
      {
        "picture": "image/head.jpg",
        "name": "马大庆",
        "sex": "男",
        "age": "70",
        "hospital": "首都医科大学附属北京友谊医院",
        "department": "放射科",
        "position": "主任医师",
        "goodField": "呼吸系统疾病影像诊断，涉及胸部影像、胸部肿瘤、呼吸系统肿瘤疾病影像诊断及全身CT、MRI等领域。",
        "experience": "全国著名放射影像学专家，主任医师、教授、博士生导师、前中国放射学会北京放射学会主任委员，多家国家核心影像杂志的编辑，精于全身影像诊断。主要临床学术研究涉及胸部影像、全身CT、MRI等领域。1979年后在首都医科大学附属北京友谊医院放射科，曾任科主任。70年代至今从事医学影像学诊断。擅长呼吸系统疾病的影像诊断。包括肺结核、肺炎、胸部肿瘤、肺间质疾病等的X线、CT、MRI诊断，胸部疑难及少见疾病的医学影像诊断，研究方向:呼吸系统疾病的影像诊断，重点研究支气管肺癌的影像诊断，肺弥漫性间质疾病及肺泡疾病的影像诊断。  发表论文100余篇。主编和参编专著10余部。多次获北京市及卫生局科技成果奖。享受政府特殊津贴。",
        "loadtime": "2016-06-20  18:00"
      },
      {
        "picture": "image/head.jpg",
        "name": "马大庆",
        "sex": "男",
        "age": "70",
        "hospital": "首都医科大学附属北京友谊医院",
        "department": "放射科",
        "position": "主任医师",
        "goodField": "呼吸系统疾病影像诊断，涉及胸部影像、胸部肿瘤、呼吸系统肿瘤疾病影像诊断及全身CT、MRI等领域。",
        "experience": "全国著名放射影像学专家，主任医师、教授、博士生导师、前中国放射学会北京放射学会主任委员，多家国家核心影像杂志的编辑，精于全身影像诊断。主要临床学术研究涉及胸部影像、全身CT、MRI等领域。1979年后在首都医科大学附属北京友谊医院放射科，曾任科主任。70年代至今从事医学影像学诊断。擅长呼吸系统疾病的影像诊断。包括肺结核、肺炎、胸部肿瘤、肺间质疾病等的X线、CT、MRI诊断，胸部疑难及少见疾病的医学影像诊断，研究方向:呼吸系统疾病的影像诊断，重点研究支气管肺癌的影像诊断，肺弥漫性间质疾病及肺泡疾病的影像诊断。  发表论文100余篇。主编和参编专著10余部。多次获北京市及卫生局科技成果奖。享受政府特殊津贴。",
        "loadtime": "2016-06-20  18:00"
      },
      {
        "picture": "image/head.jpg",
        "name": "马大庆",
        "sex": "男",
        "age": "70",
        "hospital": "首都医科大学附属北京友谊医院",
        "department": "放射科",
        "position": "主任医师",
        "goodField": "呼吸系统疾病影像诊断，涉及胸部影像、胸部肿瘤、呼吸系统肿瘤疾病影像诊断及全身CT、MRI等领域。",
        "experience": "全国著名放射影像学专家，主任医师、教授、博士生导师、前中国放射学会北京放射学会主任委员，多家国家核心影像杂志的编辑，精于全身影像诊断。主要临床学术研究涉及胸部影像、全身CT、MRI等领域。1979年后在首都医科大学附属北京友谊医院放射科，曾任科主任。70年代至今从事医学影像学诊断。擅长呼吸系统疾病的影像诊断。包括肺结核、肺炎、胸部肿瘤、肺间质疾病等的X线、CT、MRI诊断，胸部疑难及少见疾病的医学影像诊断，研究方向:呼吸系统疾病的影像诊断，重点研究支气管肺癌的影像诊断，肺弥漫性间质疾病及肺泡疾病的影像诊断。  发表论文100余篇。主编和参编专著10余部。多次获北京市及卫生局科技成果奖。享受政府特殊津贴。",
        "loadtime": "2016-06-20  18:00"
      },
      {
        "picture": "image/head.jpg",
        "name": "马大庆",
        "sex": "男",
        "age": "70",
        "hospital": "首都医科大学附属北京友谊医院",
        "department": "放射科",
        "position": "主任医师",
        "goodField": "呼吸系统疾病影像诊断，涉及胸部影像、胸部肿瘤、呼吸系统肿瘤疾病影像诊断及全身CT、MRI等领域。",
        "experience": "全国著名放射影像学专家，主任医师、教授、博士生导师、前中国放射学会北京放射学会主任委员，多家国家核心影像杂志的编辑，精于全身影像诊断。主要临床学术研究涉及胸部影像、全身CT、MRI等领域。1979年后在首都医科大学附属北京友谊医院放射科，曾任科主任。70年代至今从事医学影像学诊断。擅长呼吸系统疾病的影像诊断。包括肺结核、肺炎、胸部肿瘤、肺间质疾病等的X线、CT、MRI诊断，胸部疑难及少见疾病的医学影像诊断，研究方向:呼吸系统疾病的影像诊断，重点研究支气管肺癌的影像诊断，肺弥漫性间质疾病及肺泡疾病的影像诊断。  发表论文100余篇。主编和参编专著10余部。多次获北京市及卫生局科技成果奖。享受政府特殊津贴。",
        "loadtime": "2016-06-20  18:00"
      },
      {
        "picture": "image/head.jpg",
        "name": "马大庆",
        "sex": "男",
        "age": "70",
        "hospital": "首都医科大学附属北京友谊医院",
        "department": "放射科",
        "position": "主任医师",
        "goodField": "呼吸系统疾病影像诊断，涉及胸部影像、胸部肿瘤、呼吸系统肿瘤疾病影像诊断及全身CT、MRI等领域。",
        "experience": "全国著名放射影像学专家，主任医师、教授、博士生导师、前中国放射学会北京放射学会主任委员，多家国家核心影像杂志的编辑，精于全身影像诊断。主要临床学术研究涉及胸部影像、全身CT、MRI等领域。1979年后在首都医科大学附属北京友谊医院放射科，曾任科主任。70年代至今从事医学影像学诊断。擅长呼吸系统疾病的影像诊断。包括肺结核、肺炎、胸部肿瘤、肺间质疾病等的X线、CT、MRI诊断，胸部疑难及少见疾病的医学影像诊断，研究方向:呼吸系统疾病的影像诊断，重点研究支气管肺癌的影像诊断，肺弥漫性间质疾病及肺泡疾病的影像诊断。  发表论文100余篇。主编和参编专著10余部。多次获北京市及卫生局科技成果奖。享受政府特殊津贴。",
        "loadtime": "2016-06-20  18:00"
      }
    ]
  }
}