{
  "data": {
    "dataCnt": 1003,
    "ilesstableTabs": [
      {
        "savetime": "2016-05-13 09:30:25",
        "adress": "东升科技园",
        "age": "35",
        "name": "王自强",
        "personImage": "image/image.png",
        "sex": "男",
        "remark":"没什么备注"
      },
      {
        "savetime": "2016-05-13 09:30:25",
        "adress": "东升科技园",
        "age": "35",
        "name": "王自强",
        "personImage": "image/image.png",
        "sex": "男",
        "remark":""
      },
      {
        "savetime": "2016-05-13 09:30:25",
        "adress": "东升科技园",
        "age": "35",
        "name": "王自强",
        "personImage": "image/image.png",
        "sex": "男",
        "remark":"没什么备注"
      },
      {
        "savetime": "2016-05-13 09:30:25",
        "adress": "东升科技园",
        "age": "35",
        "name": "王自强",
        "personImage": "image/image.png",
        "sex": "男",
        "remark":"没什么备注"
      }
    ]
  }
}
