
{
"imgData":[],
 "message":[
  {
   "age": 0,
       "askid": 0,
       "birthday": "",
       "checkcode": "EGZP",
       "defaultimage": "0",
       "degree": "",
       "filmcount": 0,
       "haveask": 0,
       "havereport": 0,
       "html": "",
       "image2askid": "",
       "imageid": 25208,
       "imagetype": "",
       "institutionname": "XJWUSUPEOPLEHOSP",
       "modality": "MR",
       "pagesize": 0,
       "pagestart": 0,
       "patientid": "230452",
       "patientname": "ZHANGTULING",
       "seriesid": "1.2.840.113619.2.154.3596.6502198.4438.1470964883.52",
        "serverip": "192.168.1.122",
        "sex": 0,
        "sopinstanceuid": "1.2.840.113619.2.154.3596.6502198.4438.1470964883.127",
        "sortord": "",
        "status": 0,
        "studydate": "20160812",
        "studydescription": "H/C/L/230452",
        "studyendtime": "",
        "studyid": "1.2.840.113619.2.154.3596.6502198.4507.1470964845.174",
       "studystarttime": "",
       "term": "",
       "thumb": "thumb.jpg",
       "truename": "",
       "updatetime": "",
       "uploaddate": "20160830",
       "uploadendtime": "",
       "uploadstarttime": "",
       "uploadtime": "2016-08-3019: 54: 35",
       "uploadtype": 2,
       "uploaduser": 4,
       "userid": 0
   },
  {
       "age": 0,
      "askid": 0,
      "birthday": "19650101",
      "checkcode": "UN11",
      "defaultimage": "0",
      "degree": "",
      "filmcount": 0,
      "haveask": 0,
      "havereport": 0,
      "html": "",
      "image2askid": "",
      "imageid": 25387,
      "imagetype": "",
      "institutionname": "焦作市塔东社区卫生服务中心",
      "modality": "CR",
      "pagesize": 0,
      "pagestart": 0,
      "patientid": "HYHY-PAT20161017.154014",
      "patientname": "李成良",
      "seriesid": "1.3.51.0.7.2221439651.40492.37196.37086.11148.7602.13346",
        "serverip": "192.168.1.122",
        "sex": 0,
        "sopinstanceuid": "1.3.51.0.7.3365378057.55020.32074.33059.8784.30336.30528",
       "sortord": "",
       "status": 0,
       "studydate": "20160929",
       "studydescription": "胸部",
       "studyendtime": "",
       "studyid": "1.3.51.0.7.703303692.37392.29516.41773.17765.54883.59484",
         "studystarttime": "",
         "term": "",
         "thumb": "thumb.jpg",
         "truename": "",
         "updatetime": "",
         "uploaddate": "20161017",
         "uploadendtime": "",
         "uploadstarttime": "",
         "uploadtime": "2016-10-1717: 02: 36",
         "uploadtype": 2,
         "uploaduser": 4,
         "userid": 0
     },
  {
       "age": 0,
      "askid": 0,
      "birthday": "19360101",
      "checkcode": "IBW0",
      "defaultimage": "0",
      "degree": "",
      "filmcount": 0,
      "haveask": 0,
      "havereport": 0,
      "html": "",
      "image2askid": "",
      "imageid": 25386,
      "imagetype": "",
      "institutionname": "焦作市塔东社区卫生服务中心",
      "modality": "CR",
      "pagesize": 0,
      "pagestart": 0,
      "patientid": "HYHY-PAT20161017.160602",
      "patientname": "李学田",
      "seriesid": "1.3.51.0.7.13200501890.13882.3663.41878.8517.41897.13564",
         "serverip": "192.168.1.122",
         "sex": 0,
         "sopinstanceuid": "1.3.51.0.7.11799977476.30804.49482.42508.55064.62940.61211",
         "sortord": "",
         "status": 0,
         "studydate": "20160919",
         "studydescription": "胸部脊椎",
         "studyendtime": "",
         "studyid": "1.3.51.0.7.13052948070.49852.44363.47778.12817.19861.41019",
        "studystarttime": "",
        "term": "",
        "thumb": "thumb.jpg",
        "truename": "",
        "updatetime": "",
        "uploaddate": "20161017",
        "uploadendtime": "",
        "uploadstarttime": "",
        "uploadtime": "2016-10-1717: 02: 23",
        "uploadtype": 2,
        "uploaduser": 4,
        "userid": 0
    }
 ],
 "result":0
}